Country or region,Score_15,Score_16,Score_17,Score_18,Score_19,Overall rank_15,Overall rank_16,Overall rank_17,Overall rank_18,Overall rank_19,c_s,c_r,%c_s
France,6.575,6.478,6.44199991226196,6.489,6.5920000000000005,29.0,32.0,31.0,23.0,24.0,0.017000000000000348,-5.0,0.25855513307985317
Germany,6.75,6.994,6.9510002136230495,6.965,6.985,26.0,16.0,16.0,15.0,17.0,0.23500000000000032,-9.0,3.4814814814814863
Italy,5.948,5.977,5.96400022506714,6.0,6.223,50.0,50.0,48.0,47.0,36.0,0.27499999999999947,-14.0,4.623402824478807
United Kingdom,6.867000000000001,6.725,6.71400022506714,7.19,7.0539999999999985,21.0,23.0,19.0,11.0,15.0,0.1869999999999976,-6.0,2.723168778214615
Japan,5.987,5.921,5.92000007629395,5.915,5.886,46.0,53.0,51.0,54.0,58.0,-0.10099999999999998,12.0,-1.6869884750292294
United States,7.119,7.104,6.993000030517581,6.886,6.892,15.0,13.0,14.0,18.0,19.0,-0.22699999999999942,4.0,-3.188650091304951
Canada,7.427,7.404,7.31599998474121,7.3279999999999985,7.278,5.0,6.0,7.0,7.0,9.0,-0.14900000000000002,4.0,-2.006193617880706
Russia,5.716,5.856,5.962999820709231,5.81,5.648,64.0,56.0,49.0,59.0,68.0,-0.0680000000000005,4.0,-1.1896431070678883
